ID,Data,Categoria,Dettagli,Entrate POS/Bonifico,Incassi Assegni,Versamento Assegno,Entrate Cash,Uscite Cash,In Attesa,Allegato Nome,Utente,Saldo
90c2e106-a0d4-4287-897c-555c017b5e95,31/12/2024,,SALDO CASSA AL 31/12/2024,0.0,0.0,0.0,451.36,0.0,False,,IMPORT,0.0
d251ebca-39ff-44cd-b562-f32918377679,01/01/2025,,CHIUSURA CASSA GIORNALIERA DEL 01/01/2025,740.8,0.0,0.0,97.0,0.0,False,,IMPORT,0.0
549397f1-205b-4124-a987-c5ae85fb2c2c,01/01/2025,PAGAMENTO,PAGATO FT 4645 EVENTI SERVICE SRL 30/12/2024,0.0,0.0,0.0,0.0,492.19,False,,IMPORT,0.0
6f07ab08-7f8c-4787-8a76-5cbd8c9097ad,02/01/2025,,CHIUSURA CASSA GIORNALIERA DEL 02/01/2025,125.26,0.0,0.0,32.0,0.0,False,,IMPORT,0.0
f8d753ee-03cf-4298-9b6f-43743b31814e,02/01/2025,PAGAMENTO,PAGATO FT 2025-FE09119-10 ENIMOOV SPA 02.01.2025,0.0,0.0,0.0,0.0,30.0,False,,IMPORT,0.0
8930b3fe-3ec4-4502-beec-b2733c86dff5,02/01/2025,PAGAMENTO,PAGATO SCONTRINO ELETTRICA 3C SAS 02.01.2025,0.0,0.0,0.0,0.0,11.0,False,,IMPORT,0.0
e46cb48c-f3e3-4cae-8d51-bc16a245ca89,03/01/2025,,CHIUSURA CASSA GIORNALIERA DEL 03/01/2025,0.0,0.0,0.0,4948.7,0.0,False,,IMPORT,0.0
1d1f910a-2f31-4a14-82b7-a34b15770120,04/01/2025,,CHIUSURA CASSA GIORNALIERA DEL 04/01/2025,194.6,0.0,0.0,33.0,0.0,False,,IMPORT,0.0
0648a3a4-777f-453f-b1ce-f4493ff8bf53,06/01/2025,,CHIUSURA CASSA GIORNALIERA DEL 06/01/2025,0.0,0.0,0.0,636.3,0.0,False,,IMPORT,0.0
c182c795-7b68-48fa-9cdf-52b90adfdbbc,07/01/2025,PAGAMENTO,VERSAMENTO CONTATI IN BANCA 07/01/2025,0.0,0.0,0.0,0.0,5400.0,False,,IMPORT,0.0
70fb9479-e0f0-43f1-9143-27376c89a58d,07/01/2025,,CHIUSURA CASSA GIORNALIERA DEL 07/01/2025,29.5,0.0,0.0,0.0,0.0,False,,IMPORT,0.0
cb639988-9158-4036-9293-4c0e9dc6699c,08/01/2025,,CHIUSURA CASSA GIORNALIERA DEL 08/01/2025,1051.25,0.0,0.0,0.0,0.0,False,,IMPORT,0.0
927057a5-a99c-4d3d-8214-ea10612d01bb,08/01/2025,PAGAMENTO,PAGATO FT 000971 LEROY MERLIN 08/01/2025,0.0,0.0,0.0,0.0,114.72,False,,IMPORT,0.0
4b455d88-e484-451f-9601-d4beca8c71cb,09/01/2025,,CHIUSURA CASSA GIORNALIERA DEL 09/01/2025,415.54,0.0,0.0,0.0,0.0,False,,IMPORT,0.0
d366c9f5-d058-464d-8e34-980ac6472114,10/01/2025,,CHIUSURA CASSA GIORNALIERA DEL 10/01/2025,483.99,0.0,0.0,149.0,0.0,False,,IMPORT,0.0
2c778c14-720c-4797-ad7e-36a4a9210f7f,11/01/2025,,CHIUSURA CASSA GIORNALIERA DEL 11/01/2025,12.0,0.0,0.0,0.0,0.0,False,,IMPORT,0.0
71cdaef0-441d-4838-915d-b2952283b162,12/01/2025,,CHIUSURA CASSA GIORNALIERA DEL 12/01/2025,0.0,0.0,0.0,27.0,0.0,False,,IMPORT,0.0
9d34f177-a20c-4df2-974f-5bedcb400ed0,13/01/2025,,CHIUSURA CASSA GIORNALIERA DEL 13/01/2025,0.0,0.0,0.0,120.0,0.0,False,,IMPORT,0.0
4214a58c-1700-4cff-a833-6869412d03c1,13/01/2025,PAGAMENTO,PAGATO SCONTRINO LEROY MERLIN 13/01/2025,0.0,0.0,0.0,0.0,4.5,False,,IMPORT,0.0
6731fd41-429f-4533-97c5-b5fa43ea363d,14/01/2025,PAGAMENTO,PAGATO FT 72 DEL 16/12/2024 PANIFICIO SANTAFARA IL 14/01/2025,0.0,0.0,0.0,0.0,220.0,False,,IMPORT,0.0
caeb41bf-25c0-4602-9b9e-12bdaa866fec,14/01/2025,PAGAMENTO,PAGATO SCONTRINO LEROY MERLIN 14/01/2025,0.0,0.0,0.0,0.0,4.5,False,,IMPORT,0.0
f42a2e6d-cda0-4116-a227-653cdad8b136,14/01/2025,PAGAMENTO,PAGATO FT 65 FABII LUIGI S.A.S 14/01/2025,0.0,0.0,0.0,0.0,128.5,False,,IMPORT,0.0
0a7df665-2768-4eed-83fd-0998c0680175,14/01/2025,,CHIUSURA CASSA GIORNALIERA DEL 14/01/2025,111.68,0.0,0.0,0.0,0.0,False,,IMPORT,0.0
0150b5f7-0b67-45ff-a5fc-9a2354a62767,15/01/2025,,CHIUSURA CASSA GIORNALIERA DEL 15/01/2025,797.4,0.0,0.0,0.0,0.0,False,,IMPORT,0.0
5882d70e-3b84-4d71-9b77-e1e8abfe963f,16/01/2025,,CHIUSURA CASSA GIORNALIERA DEL 16/01/2025,788.98,0.0,0.0,0.0,0.0,False,,IMPORT,0.0
ea123197-7bb5-4589-9d89-8a2714f4faa6,17/01/2025,,CHIUSURA CASSA GIORNALIERA DEL 17/01/2025,21.0,0.0,0.0,0.0,0.0,False,,IMPORT,0.0
6f4dd81c-81a9-4d76-98db-d3c91b461407,17/01/2025,PAGAMENTO,PAGATO SCONTRINO LA DISPENSA DEL 10/01/2024 IL 17/01/2025,0.0,0.0,0.0,0.0,4.45,False,,IMPORT,0.0
4d7ad2ce-0f1d-4b27-8bc0-745655d3cd0e,17/01/2025,PAGAMENTO,PAGATO SCONTRINO LEROY MERLIN DEL 17/01/2025,0.0,0.0,0.0,0.0,8.7,False,,IMPORT,0.0
c6f7334f-26d2-4088-9449-e6472e172ae0,18/01/2025,,CHIUSURA CASSA GIORNALIERA DEL 18/01/2025,102.0,0.0,0.0,122.0,0.0,False,,IMPORT,0.0
a9934e95-dbb2-4149-be4f-132a71fa0b54,18/01/2025,PAGAMENTO,FONDO SPESE DANTE MAZZITELLI  DEL 18/01/2025,0.0,0.0,0.0,0.0,46.0,False,,IMPORT,0.0
d5fa3c67-0f15-4dc1-92a3-64b59ac1d103,19/01/2025,,CHIUSURA CASSA GIORNALIERA DEL 19/01/2025,190.62,0.0,0.0,191.0,0.0,False,,IMPORT,0.0
5fc5538c-0041-4a39-8635-6683c19a3f6a,20/01/2025,,CHIUSURA CASSA GIORNALIERA DEL 20/01/2025,331.7,0.0,0.0,0.0,0.0,False,,IMPORT,0.0
e4e85a18-844f-41eb-bc20-89d9ba36b81b,21/01/2025,,CHIUSURA CASSA GIORNALIERA DEL 21/01/2025,116.1,0.0,0.0,3.0,0.0,False,,IMPORT,0.0
239f0338-5596-4dc6-83fc-6d147228fd3d,21/01/2025,PAGAMENTO,PAGATO FT 0028612 IKEA 21/01/2025,0.0,0.0,0.0,0.0,100.65,False,,IMPORT,0.0
49921bd5-5771-4424-8b85-7039ff8ba618,22/01/2025,,CHIUSURA CASSA GIORNALIERA DEL 22/01/2025,368.68,0.0,0.0,7.0,0.0,False,,IMPORT,0.0
07096378-a75b-4f90-bc5b-cadbe9431c2c,22/01/2025,PAGAMENTO,PAGATO FT 003445 LEROY MERLIN 22/01/2025,0.0,0.0,0.0,0.0,47.2,False,,IMPORT,0.0
1b89b62a-eb9b-4d47-b777-ec79d5f77111,23/01/2025,,CHIUSURA CASSA GIORNALIERA DEL 23/01/2025,1581.38,0.0,0.0,0.0,0.0,False,,IMPORT,0.0
b86c3fc6-d98f-4d1b-92a8-de35ee31ee05,24/01/2025,,CHIUSURA CASSA GIORNALIERA DEL 24/01/2025,886.01,0.0,0.0,6.0,0.0,False,,IMPORT,0.0
3162b44a-3267-49b2-a845-1a3d83962df8,24/01/2025,PAGAMENTO,PAGATO FT 003828 LEROY MERLIN 24/01/2025,0.0,0.0,0.0,0.0,14.34,False,,IMPORT,0.0
83466c0e-f873-43da-9b0f-78acf44833b0,25/01/2025,,CHIUSURA CASSA GIORNALIERA DEL 25/01/2025,1330.0,0.0,0.0,1146.0,0.0,False,,IMPORT,0.0
61ebff86-9a56-452e-b359-35b69ab6bee9,25/01/2025,PAGAMENTO,FONDO SPESE DANTE MAZZITELLI  DEL 25/01/2025,0.0,0.0,0.0,0.0,126.0,False,,IMPORT,0.0
83ab52b4-39e6-4eec-8669-0c7d3521260c,25/01/2025,PAGAMENTO,PAGATO PASTICERIA ACQUAFREDDA CONSEGNA DEL 25/01/2025,0.0,0.0,0.0,0.0,120.0,False,,IMPORT,0.0
afbf2f86-7b2c-4ad6-82d1-085eda7c7e85,25/01/2025,PAGAMENTO,PAGATO SCONTRINO PR.OK ARL 25/01/2025,0.0,0.0,0.0,0.0,4.0,False,,IMPORT,0.0
8b2fd6ed-4c29-4805-b4e8-4f83601aa2c0,26/01/2025,,CHIUSURA CASSA GIORNALIERA DEL 26/01/2025,146.5,0.0,0.0,0.0,0.0,False,,IMPORT,0.0
5f0d2fcc-0b11-496a-94f2-dc0f6d07cab3,27/01/2025,PAGAMENTO,VERSAMENTO CONTATI IN BANCA 27/01/2025,0.0,0.0,0.0,0.0,800.0,False,,IMPORT,0.0
1c541208-36ec-47c1-9878-17a638529839,27/01/2025,,CHIUSURA CASSA GIORNALIERA DEL 27/01/2025,39.5,0.0,0.0,0.0,0.0,False,,IMPORT,0.0
e1399477-bfd4-4bfd-a333-37151ed429ff,28/01/2025,PAGAMENTO,PAGATO FALCO DOMENICO 28/01/2025 IN ATTESA FT ELETTRONICA,0.0,0.0,0.0,0.0,105.0,False,,IMPORT,0.0
040ecdd8-f07d-4584-bbcd-22f071e4c342,28/01/2025,,CHIUSURA CASSA GIORNALIERA DEL 28/01/2025,0.0,0.0,0.0,22.0,0.0,False,,IMPORT,0.0
f3b95d39-a006-4d90-9813-9d643ea49b3e,29/01/2025,,CHIUSURA CASSA GIORNALIERA DEL 29/01/2025,1772.16,0.0,0.0,18.0,0.0,False,,IMPORT,0.0
f795d80e-ba9a-4be3-aa7c-76aea2ed2b70,30/01/2025,,CHIUSURA CASSA GIORNALIERA DEL 30/01/2025,1636.46,0.0,0.0,0.0,0.0,False,,IMPORT,0.0
617d04e7-3353-4489-9c10-42f88ab5d7e9,31/01/2025,,CHIUSURA CASSA GIORNALIERA DEL 31/01/2025,630.35,0.0,0.0,0.0,0.0,False,,IMPORT,0.0
cf1adbe2-def4-43ac-9785-5520d1d9fd46,31/01/2025,PAGAMENTO,PAGATO FT 005056 LEROY MERLIN 31/01/2025,0.0,0.0,0.0,0.0,39.45,False,,IMPORT,0.0
7e3c4753-4b24-4cba-bbc7-60a65eb2a1fd,01/02/2025,,CHIUSURA CASSA GIORNALIERA DEL 01/02/2025,1606.38,0.0,0.0,16.0,0.0,False,,IMPORT,0.0
80afd8c9-9841-4799-b9b0-1965f3f93fa7,01/02/2025,PAGAMENTO,PAGATO SCONTRINO HAPPY CASA 01/02/2025,0.0,0.0,0.0,0.0,5.58,False,,IMPORT,0.0
ae0ad585-b9a9-43e8-aee5-9ebaa416c127,01/02/2025,PAGAMENTO,FONDO SPESE DANTE MAZZITELLI  DEL 01/02/2025,0.0,0.0,0.0,0.0,52.0,False,,IMPORT,0.0
9d92faea-c803-48dd-b10f-2c451daca116,02/02/2025,,CHIUSURA CASSA GIORNALIERA DEL 02/02/2025,101.0,0.0,0.0,12.0,0.0,False,,IMPORT,0.0
26e90aea-d9fc-46e9-9861-90a4c4bdfeb5,03/02/2025,,CHIUSURA CASSA GIORNALIERA DEL 03/02/2025,0.0,0.0,0.0,6.0,0.0,False,,IMPORT,0.0
9f2bb156-17af-4ee2-8e87-4897c3a97f58,04/02/2025,,CHIUSURA CASSA GIORNALIERA DEL 04/02/2025,3.0,0.0,0.0,6.0,0.0,False,,IMPORT,0.0
b8bb911b-b379-441d-ba6c-f3cb2fdc3a50,05/02/2025,,CHIUSURA CASSA GIORNALIERA DEL 05/02/2025,1555.01,0.0,0.0,12.0,0.0,False,,IMPORT,0.0
f26009fe-bcbf-41ab-8805-2b11150fa209,06/02/2025,,CHIUSURA CASSA GIORNALIERA DEL 06/02/2025,1623.34,0.0,0.0,0.0,0.0,False,,IMPORT,0.0
420595fa-5569-436e-a40e-7a8f49231a36,06/02/2025,PAGAMENTO,PAGATO SCONTRINO HAPPYSHOPPING 06/02/2025,0.0,0.0,0.0,0.0,20.0,False,,IMPORT,0.0
a0a57713-62ef-4045-bd14-e80ca24a9d47,07/02/2025,,CHIUSURA CASSA GIORNALIERA DEL 07/02/2025,923.48,0.0,0.0,145.0,0.0,False,,IMPORT,0.0
632b5e23-64e0-4fd6-ae2a-aced5aaa769d,08/02/2025,,CHIUSURA CASSA GIORNALIERA DEL 08/02/2025,75.0,0.0,0.0,0.0,0.0,False,,IMPORT,0.0
13c44b1e-0022-4ca9-9e73-052369a97694,09/02/2025,,CHIUSURA CASSA GIORNALIERA DEL 09/02/2025,0.0,0.0,0.0,44.0,0.0,False,,IMPORT,0.0
022b574c-ddb6-411f-b571-3b3b4ee5c6c5,10/02/2025,,CHIUSURA CASSA GIORNALIERA DEL 10/02/2025,204.66,0.0,0.0,0.0,0.0,False,,IMPORT,0.0
d6aa7f92-7721-4729-ab9b-d654e6b28727,10/02/2025,PAGAMENTO,PAGATO BRT SPA IN ATTESA FATTURA 10/02/2025,0.0,0.0,0.0,0.0,26.47,False,,IMPORT,0.0
37f0d91c-0f27-4cd4-abf9-9cf710ca4d27,11/02/2025,,CHIUSURA CASSA GIORNALIERA DEL 11/02/2025,126.8,0.0,0.0,0.0,0.0,False,,IMPORT,0.0
b484d6f5-8deb-4c92-b1e8-3a6b77cb0b54,13/02/2025,,CHIUSURA CASSA GIORNALIERA DEL 13/02/2025,2147.16,0.0,0.0,6.0,0.0,False,,IMPORT,0.0
bc37e1d0-55cf-4b31-9040-091fef683b20,14/02/2025,,CHIUSURA CASSA GIORNALIERA DEL 14/02/2025,2272.2,0.0,0.0,799.0,0.0,False,,IMPORT,0.0
b3e8f883-f375-4a96-916c-7a7e0c436e57,15/02/2025,,CHIUSURA CASSA GIORNALIERA DEL 15/02/2025,760.0,0.0,0.0,20.0,0.0,False,,IMPORT,0.0
e988ba95-c5bd-4265-9927-bce2c0571a3c,16/02/2025,,CHIUSURA CASSA GIORNALIERA DEL 16/02/2025,820.0,0.0,0.0,20.0,0.0,False,,IMPORT,0.0
0e06324f-c625-44f1-859f-26a714e38625,17/02/2025,,CHIUSURA CASSA GIORNALIERA DEL 17/02/2025,6.0,0.0,0.0,15.0,0.0,False,,IMPORT,0.0
1383fe70-160d-4178-8320-da8ff74063a6,18/02/2025,,CHIUSURA CASSA GIORNALIERA DEL 18/02/2025,16.0,0.0,0.0,0.0,0.0,False,,IMPORT,0.0
3b4559f8-0afa-4371-8132-d409e0517014,18/02/2025,PAGAMENTO,PAGATO FT 008138 LEROY MELIN 18/02/2025,0.0,0.0,0.0,0.0,77.55,False,,IMPORT,0.0
710eb1a1-82f3-49e1-a62d-8908ca5c167a,19/02/2025,PAGAMENTO,RESTITUZIONE INTEGRAZIONE  FONDO CASSA DA TERRANOBILE A  MASSERA 19/02/2025,0.0,0.0,0.0,0.0,492.0,False,,IMPORT,0.0
f39a3447-993c-46cd-9a58-2dada1fd4abf,19/02/2025,PAGAMENTO,INTEGRAZIONE  FONDO CASSA DA TERRANOBILE A MASSERA   19/02/2025,0.0,0.0,0.0,0.0,308.0,False,,IMPORT,0.0
fbf06b1f-79c4-4960-99a1-d4d147ae8a51,19/02/2025,,CHIUSURA CASSA GIORNALIERA DEL 19/02/2025,664.15,0.0,0.0,0.0,0.0,False,,IMPORT,0.0
0d679625-d35d-4c9a-9169-9f8da423d7f8,20/02/2025,,CHIUSURA CASSA GIORNALIERA DEL 20/02/2025,1922.52,0.0,0.0,69.0,0.0,False,,IMPORT,0.0
93049595-0772-46de-b298-f2f1d9d7b30d,21/02/2025,,CHIUSURA CASSA GIORNALIERA DEL 21/02/2025,1353.09,0.0,0.0,12.0,0.0,False,,IMPORT,0.0
4623fe29-5574-4bd8-bf03-ee41cf00ad5b,21/02/2025,PAGAMENTO,PAGATO SCONTRINO CENTRO UFFICIO 21/02/2025,0.0,0.0,0.0,0.0,23.2,False,,IMPORT,0.0
e3b23f74-cf8b-4948-b1e9-356ea1218f9a,22/02/2025,,CHIUSURA CASSA GIORNALIERA DEL 22/02/2025,0.0,0.0,0.0,9.0,0.0,False,,IMPORT,0.0
2e6737cf-a445-44aa-b365-a322f62494fe,23/02/2025,,CHIUSURA CASSA GIORNALIERA DEL 23/02/2025,6.0,0.0,0.0,24.0,0.0,False,,IMPORT,0.0
90ed367b-198a-43b1-b0e2-adbb22f67225,24/02/2025,,CHIUSURA CASSA GIORNALIERA DEL 24/02/2025,395.7,0.0,0.0,356.0,0.0,False,,IMPORT,0.0
aafafef3-800d-488a-932e-c08d9da61694,24/02/2025,PAGAMENTO,PAGATO FT 009208 LEROY MERLIN 24/02/202,0.0,0.0,0.0,0.0,71.02,False,,IMPORT,0.0
d7e5d0d3-7525-4fbc-bcab-c3563a4fba4f,25/02/2025,,CHIUSURA CASSA GIORNALIERA DEL 25/02/2025,145.0,0.0,0.0,12.0,0.0,False,,IMPORT,0.0
02282c3f-1af5-44ed-a3c4-dd83ad485433,26/02/2025,,CHIUSURA CASSA GIORNALIERA DEL 26/02/2025,1229.54,0.0,0.0,20.0,0.0,False,,IMPORT,0.0
3391b684-3f99-4f4a-b7f1-656ba60d8bd5,26/02/2025,PAGAMENTO,PAGATO FT 1789 PROGIDA TRANERSA 2 SRL 26/02/2025,0.0,0.0,0.0,0.0,6.1,False,,IMPORT,0.0
8755c21b-3d99-40b3-9747-a6fee787bf8f,27/02/2025,,CHIUSURA CASSA GIORNALIERA DEL 27/02/2025,1218.26,0.0,0.0,44.0,0.0,False,,IMPORT,0.0
bfcc0632-6b33-4c69-98b0-2caf06cc1865,27/02/2025,PAGAMENTO,PAGATO TATO PARIDE SPA IN ATTESA FATTURA ELETTRONICA 27/02/2025,0.0,0.0,0.0,0.0,25.35,False,,IMPORT,0.0
8d16dd60-88c5-4416-a02a-b35be15f62ec,28/02/2025,,CHIUSURA CASSA GIORNALIERA DEL 28/02/2025,1670.8,0.0,0.0,18.0,0.0,False,,IMPORT,0.0
822e90de-afdd-4c03-a43b-0c3c2232983c,01/03/2025,,CHIUSURA CASSA GIORNALIERA DEL 01/03/2025,52.0,0.0,0.0,285.0,0.0,False,,IMPORT,0.0
e6e2f0c3-4b6a-4549-8488-32272e8b70ed,02/03/2025,,CHIUSURA CASSA GIORNALIERA DEL 02/03/2025,255.28,0.0,0.0,0.0,0.0,False,,IMPORT,0.0
939678e9-3405-4725-86a5-445a0db6150d,03/03/2025,,CHIUSURA CASSA GIORNALIERA DEL 03/03/2025,346.15,0.0,0.0,6.0,0.0,False,,IMPORT,0.0
9b474ee9-4be9-4fca-bf7f-519d1ccb9830,04/03/2025,,CHIUSURA CASSA GIORNALIERA DEL 04/03/2025,168.7,0.0,0.0,12.0,0.0,False,,IMPORT,0.0
822c9590-1b6c-41ec-8b4a-008542f69437,05/03/2025,,CHIUSURA CASSA GIORNALIERA DEL 05/03/2025,397.21,0.0,0.0,0.0,0.0,False,,IMPORT,0.0
cf46bc60-468f-422c-a40e-9e349ba9c899,05/03/2025,PAGAMENTO,PAGATO FT 119 DECA DI PALUNBO 05/03/2025,0.0,0.0,0.0,0.0,144.57,False,,IMPORT,0.0
175464cc-a0ee-4f2c-ab7f-ffc761ee96e2,06/03/2025,,CHIUSURA CASSA GIORNALIERA DEL 06/03/2025,298.6,0.0,0.0,800.0,0.0,False,,IMPORT,0.0
7b385552-9467-47f0-afe2-3482404671cc,06/03/2025,PAGAMENTO,VERSAMENTO CONTANTI IN BANCA 06/03/2025,0.0,0.0,0.0,0.0,800.0,False,,IMPORT,0.0
ac619201-a136-4372-b43b-0eb981f59f1c,07/03/2025,,CHIUSURA CASSA GIORNALIERA DEL 07/03/2025,802.22,0.0,0.0,12.0,0.0,False,,IMPORT,0.0
2cb5ff22-b277-4c2d-b09e-5c59da0905bf,08/03/2025,PAGAMENTO,FONDO SPESE DANTE MAZZITELLI  DEL 08/03/2025,0.0,0.0,0.0,0.0,115.0,False,,IMPORT,0.0
7e9c545a-3910-4c3d-92ee-8c3ba6b8b488,08/03/2025,PAGAMENTO,PAGATO PASTICCERIA ACQUAFREDDA CONSEGNA DEL 08/03/2025,0.0,0.0,0.0,0.0,120.0,False,,IMPORT,0.0
8154269f-a90a-4244-b249-aee74c16a1ad,08/03/2025,PAGAMENTO,PAGATO IL CUCCHIAIO SEGRETO FT 139  DEL 01/02/2025 ,0.0,0.0,0.0,0.0,100.0,False,,IMPORT,0.0
7514c7b0-b103-4584-b8c3-b2c5305c6c36,08/03/2025,PAGAMENTO,PAGATO  FT 18 IL CUCCHIAIO SEGRETO  08/03/2025,0.0,0.0,0.0,0.0,198.0,False,,IMPORT,0.0
420606bb-bd8a-41fb-9583-5efdfbcc35a7,08/03/2025,,CHIUSURA CASSA GIORNALIERA DEL 08/03/2025,191.33,0.0,0.0,2722.0,0.0,False,,IMPORT,0.0
9e2abe55-1ddf-47eb-83fb-1f83128cb422,09/03/2025,,CHIUSURA CASSA GIORNALIERA DEL 09/03/2025,0.0,0.0,0.0,12.0,0.0,False,,IMPORT,0.0
a1e9103e-171f-45ea-ad72-20e739ee4065,10/03/2025,,RIENTRO SOSPESI PARZIALE MAZZITELLI DANTE FT 28/2025 DEL 12/01/2025,0.0,0.0,0.0,500.0,0.0,False,,IMPORT,0.0
d96639a5-11d7-4e5f-90eb-d1a6438a05a5,10/03/2025,PAGAMENTO,INTEGRAZIONE  FONDO CASSA DA TERRANOBILE A  MASSERA 10/03/2025,0.0,0.0,0.0,0.0,500.0,False,,IMPORT,0.0
244b8567-d28e-4082-b553-e7c90c5c23a9,10/03/2025,,CHIUSURA CASSA GIORNALIERA DEL 10/3/2025 ,508.74,0.0,0.0,12.0,0.0,False,,IMPORT,0.0
04be4148-ae32-40e7-ae72-f542945ff1da,11/03/2025,,RIENTRO SOSPESI PARZIALE  MAZZITELLI MADDALENA FT 409 DEL 18/09/2018,0.0,0.0,0.0,124.0,0.0,False,,IMPORT,0.0
6a72c4b5-78c2-4082-8be2-1cac1d580139,11/03/2025,,SALDO SOSPESI MAZZITELLI DANTE FT 28/2025 DEL 12/01/2025,0.0,0.0,0.0,276.0,0.0,False,,IMPORT,0.0
4b1584b4-efe6-492e-9ba3-1bc3cc3cea39,11/03/2025,PAGAMENTO,INTEGRAZIONE  FONDO CASSA DA TERRANOBILE A  MASSERA 11/03/2025,0.0,0.0,0.0,0.0,400.0,False,,IMPORT,0.0
62a3bd5c-ea47-40a4-b449-993dfd132280,11/03/2025,,CHIUSURA CASSA GIORNALIERA DEL 11/03/2025 ,242.07,0.0,0.0,31.0,0.0,False,,IMPORT,0.0
264ef0b7-0cdc-4bbf-9d7e-e041045b8d5c,11/03/2025,PAGAMENTO,PAGATO FT 011803 LEROY MERLIN 11/03/2025,0.0,0.0,0.0,0.0,38.02,False,,IMPORT,0.0
d0ad14f4-0b65-4bc9-8953-50d78094df5f,12/03/2025,PAGAMENTO,PAGATO FT 012003 LEROY MERLIN 12/03/2025,0.0,0.0,0.0,0.0,69.02,False,,IMPORT,0.0
048c559d-1259-4ce3-a224-cff3747d4877,12/03/2025,,CHIUSURA CASSA GIORNALIERA DEL 12/03/2025 ,1398.44,0.0,0.0,35.0,0.0,False,,IMPORT,0.0
b8f6f7eb-c39e-4f80-82af-643181e750b9,12/03/2025,PAGAMENTO,VERSAMENTO CONTANTI IN BANCA 12/03/2025,0.0,0.0,0.0,0.0,2200.0,False,,IMPORT,0.0
6b9b2a2c-4dec-4eb7-b5ca-6e2a8a3ce0f8,13/03/2025,PAGAMENTO,PAGATO FT 81 DECA DI PALUMBO 13/03/2025,0.0,0.0,0.0,0.0,124.44,False,,IMPORT,0.0
3adeb391-20d6-45fe-8d51-3ecfbc853459,13/03/2025,PAGAMENTO,PAGATO FT 338 CLICK OFFICE SRL 13/03/2025,0.0,0.0,0.0,0.0,54.91,False,,IMPORT,0.0
0dcbe6f0-376b-437b-b0ae-74d515c60fed,13/03/2025,,CHIUSURA CASSA GIORNALIERA DEL 13/03/2025 ,2066.61,0.0,0.0,0.0,0.0,False,,IMPORT,0.0
ff72e553-9564-42ed-950a-1cdf4b118079,14/03/2025,,CHIUSURA CASSA GIORNALIERA DEL 14/03/2025,1712.24,0.0,0.0,12.0,0.0,False,,IMPORT,0.0
568d5293-9ce0-4440-92a2-bba7c25cb4b4,15/03/2025,,CHIUSURA CASSA GIORNALIERA DEL 15/03/2025,1203.17,0.0,0.0,52.0,0.0,False,,IMPORT,0.0
cf69ca42-d94b-4da8-b473-05a34a3410d1,17/03/2025,PAGAMENTO,PAGATO FT 453 FABII LUIGI SAS 17/03/2025,0.0,0.0,0.0,0.0,70.0,False,,IMPORT,0.0
ff2ee0fb-8e83-4711-9a13-e03d6fab0e05,17/03/2025,,CHIUSURA CASSA GIORNALIERA DEL 17/03/2025,116.3,0.0,0.0,6.0,0.0,False,,IMPORT,0.0
ebaa51f4-2efc-43a7-933d-f2fc9daa4d3f,18/03/2025,,RIENTRO PARZIALE SOSPESO FT NR 8/2025,0.0,0.0,0.0,110.0,0.0,False,,IMPORT,0.0
0ec9ec53-a8fb-4c5d-9472-d2bff6fcc76d,18/03/2025,PAGAMENTO,INTEGRAZIONE  FONDO CASSA DA TERRANOBILE A  MASSERA 18/03/2025,0.0,0.0,0.0,0.0,110.0,False,,IMPORT,0.0
29f324aa-b521-46ad-b070-cf9dd6d87d85,18/03/2025,PAGAMENTO,PAGATO FATT 0111475 IKEA 18/03/2025,0.0,0.0,0.0,0.0,197.25,False,,IMPORT,0.0
c67b2560-bfef-46be-bc47-5ecf75d88ae4,18/03/2025,PAGAMENTO,PAGATO FT 013019 LEROY MERLIN 18/03/2025,0.0,0.0,0.0,0.0,35.89,False,,IMPORT,0.0
b0599312-3c4e-4343-8205-cbf593f7fdba,18/03/2025,PAGAMENTO,PAGATO FT 2391 ENIMOOV SPA 18/03/2025,0.0,0.0,0.0,0.0,30.0,False,,IMPORT,0.0
eb8ee71e-8c1c-4be8-a4d1-aa32b37a7662,18/03/2025,,CHIUSURA CASSA GIORNALIERA DEL 18/03/2025,141.0,0.0,0.0,165.0,0.0,False,,IMPORT,0.0
915ff5a3-f737-4afe-9a37-0de216c0ddad,19/03/2025,,CHIUSURA CASSA GIORNALIERA DEL 19/03/2025,616.26,0.0,0.0,9.0,0.0,False,,IMPORT,0.0
cf452f80-7564-4d6d-8659-a4a58a2a2650,20/03/2025,,CHIUSURA CASSA GIORNALIERA DEL 20/03/2025,936.0,0.0,0.0,38.0,0.0,False,,IMPORT,0.0
de34b528-7001-42eb-9759-14fc6924a874,21/03/2025,PAGAMENTO,PAGATO FT 013642 LEROY MERLIN 21/03/2025,0.0,0.0,0.0,0.0,22.96,False,,IMPORT,0.0
9436c144-5898-4477-98d4-a35eface22bc,21/03/2025,,CHIUSURA CASSA GIORNALIERA DEL 21/03/2025,2666.59,0.0,0.0,21.0,0.0,False,,IMPORT,0.0
ae713897-2353-4334-b523-589117967d81,21/03/2025,PAGAMENTO,PAGATO FT 28 IL CUCCHIAIO SEGRETO 21/03/2025,0.0,0.0,0.0,0.0,70.0,False,,IMPORT,0.0
663220b8-e566-4f36-b147-d37a9fbf35ff,21/03/2025,PAGAMENTO,FONDO SPESE DANTE MAZZITELLI  DEL 21/03/2025,0.0,0.0,0.0,0.0,73.0,False,,IMPORT,0.0
e7030c8b-6bea-438f-9589-d3d5327119fa,22/03/2025,,CHIUSURA CASSA GIORNALIERA DEL 22/03/2025,0.0,0.0,0.0,6.0,0.0,False,,IMPORT,0.0
875618ab-1d35-4e25-94f8-90dde0f8b61a,23/03/2025,,CHIUSURA CASSA GIORNALIERA DEL 23/03/2025,16.0,0.0,0.0,14.0,0.0,False,,IMPORT,0.0
89066d37-5139-40c6-a80b-10ff2410135c,24/03/2025,,CHIUSURA CASSA GIORNALIERA DEL 24/03/2025,0.0,0.0,0.0,6.0,0.0,False,,IMPORT,0.0
3907eccc-1186-4a56-86c7-e98df3969b85,25/03/2025,,CHIUSURA CASSA GIORNALIERA DEL 25/03/2025,248.5,0.0,0.0,0.0,0.0,False,,IMPORT,0.0
cc25726c-0560-4805-8a40-ffe6de91a894,26/03/2025,,CHIUSURA CASSA GIORNALIERA DEL 26/03/2025,912.62,0.0,0.0,9.0,0.0,False,,IMPORT,0.0
b151902d-83d6-41b8-8dea-efb94e318136,27/03/2025,,CHIUSURA CASSA GIORNALIERA DEL 27/03/2025,1478.04,0.0,0.0,0.0,0.0,False,,IMPORT,0.0
e7386e99-5d22-4cab-8eff-65d811955c13,27/03/2025,PAGAMENTO,PAGATO FT 014750 LEROY MERLIN 27/03/2025,0.0,0.0,0.0,0.0,27.44,False,,IMPORT,0.0
12c52c8e-2def-48cb-b6a4-656d448829eb,28/03/2025,PAGAMENTO,PAGATO FT 155 DEC DI PALUMBO LUCA 28/03/2025,0.0,0.0,0.0,0.0,144.57,False,,IMPORT,0.0
e26f5876-29b7-45db-aa0c-1bcb074eed5a,28/03/2025,,CHIUSURA CASSA GIORNALIERA DEL 28/03/2025,1838.05,0.0,0.0,6.0,0.0,False,,IMPORT,0.0
2e34d3f3-479c-4c4c-b532-f1c39920e89b,29/03/2025,,CHIUSURA CASSA GIORNALIERA DEL 29/03/2025,1393.69,0.0,0.0,6.0,0.0,False,,IMPORT,0.0
76b18a42-b961-4705-bb6c-9c3a66150582,30/03/2025,,CHIUSURA CASSA GIORNALIERA DEL 30/03/2025,862.52,0.0,0.0,6.0,0.0,False,,IMPORT,0.0
05593b04-bd1a-47ca-b166-31e2e3cb4445,30/03/2025,PAGAMENTO,PAGATO SCONTRINO HAPPY SHOPPING 30/03/2025,0.0,0.0,0.0,0.0,24.95,False,,IMPORT,0.0
965e235b-bb32-4405-a3f2-e274458cdcde,31/03/2025,,CHIUSURA CASSA GIORNALIERA DEL 31/03/2025,422.32,0.0,0.0,0.0,0.0,False,,IMPORT,0.0
120eaa34-7cd1-4e20-b662-154f680e43cd,01/04/2025,,CHIUSURA CASSA GIORNALIERA DEL 01/04/2025,298.34,0.0,0.0,6.0,0.0,False,,IMPORT,0.0
c9359ac8-aea8-464d-9cf0-c9404584e333,01/04/2025,PAGAMENTO,PAGATO FT 015706 LEROY MERLIN 01/04/2025,0.0,0.0,0.0,0.0,44.9,False,,IMPORT,0.0
b2c2609e-532c-4eab-a9dc-d17e55b7320f,02/04/2025,,CHIUSURA CASSA GIORNALIERA DEL 02/04/2025,1394.29,0.0,0.0,3.0,0.0,False,,IMPORT,0.0
dc372609-3ea2-4880-bb4d-e0cef2f7074c,03/04/2025,,CHIUSURA CASSA GIORNALIERA DEL 03/04/2025,610.61,0.0,0.0,0.0,0.0,False,,IMPORT,0.0
6743b93b-979d-4aed-9b60-93310d58fe93,04/04/2025,,CHIUSURA CASSA GIORNALIERA DEL 04/04/2025,2943.47,0.0,0.0,72.0,0.0,False,,IMPORT,0.0
ab760f60-33e5-4e56-8e51-ded29caf279b,05/04/2025,,CHIUSURA CASSA GIORNALIERA DEL 05/04/2025,534.16,0.0,0.0,0.0,0.0,False,,IMPORT,0.0
15754ec2-9e91-404d-834f-23f3e109c8ac,06/04/2025,,CHIUSURA CASSA GIORNALIERA DEL 06/04/2025,1897.86,0.0,0.0,59.5,0.0,False,,IMPORT,0.0
8f58228d-9598-422b-a242-07af59531854,07/04/2025,,CHIUSURA CASSA GIORNALIERA DEL 07/04/2025,513.38,0.0,0.0,29.0,0.0,False,,IMPORT,0.0
b49dab55-b61c-4a67-91bc-fce4c76cd47e,08/04/2025,,CHIUSURA CASSA GIORNALIERA DEL 08/04/2025,1501.31,0.0,0.0,0.0,0.0,False,,IMPORT,0.0
a7a0bac0-eb0f-4928-b062-6cde49eb5cfb,09/04/2025,,CHIUSURA CASSA GIORNALIERA DEL 09/04/2025,517.98,0.0,0.0,83.5,0.0,False,,IMPORT,0.0
4206eb8e-01ca-4ac4-80a8-ce9593ebd048,10/04/2025,PAGAMENTO,PAGATO FT 017472 LEROY MERLIN 10/04/2025,0.0,0.0,0.0,0.0,59.14,False,,IMPORT,0.0
3e426e08-2175-4104-aeb2-16021acc0339,10/04/2025,PAGAMENTO,PAGATO SCONTRINO TATO PARIDE SPA 10/04/2025,0.0,0.0,0.0,0.0,5.6,False,,IMPORT,0.0
1abcd4f2-8a76-4c4b-bd95-211b9b47e938,10/04/2025,,CHIUSURA CASSA GIORNALIERA DEL 10/04/2025,2812.29,0.0,0.0,12.0,0.0,False,,IMPORT,0.0
98781dbd-9e69-48c1-9e0a-a3c5d2e6c579,11/04/2025,,CHIUSURA CASSA GIORNALIERA DEL 11/04/2025,815.7,0.0,0.0,3.0,0.0,False,,IMPORT,0.0
ccabf075-a848-457d-ae31-5fe1a28d1608,12/04/2025,,CHIUSURA CASSA GIORNALIERA DEL 12/04/2025,422.0,0.0,0.0,112.0,0.0,False,,IMPORT,0.0
a06fd336-f127-4b82-9e94-bae3edd06767,13/04/2025,,CHIUSURA CASSA GIORNALIERA DEL 13/04/2025,564.5,0.0,0.0,34.0,0.0,False,,IMPORT,0.0
07f3a13b-cd45-4a3a-aaeb-8152607ec939,14/04/2025,,CHIUSURA CASSA GIORNALIERA DEL 14/04/2025,694.4,0.0,0.0,6.0,0.0,False,,IMPORT,0.0
1b70f3c2-e6d7-4efd-a224-3ba46647b5c6,14/04/2025,PAGAMENTO,PAGATO SCONTRINO TATO PARIDE SPA 14/04/2025,0.0,0.0,0.0,0.0,11.96,False,,IMPORT,0.0
e696153a-5538-4d92-8d0d-dc4eb066ac62,15/04/2025,,CHIUSURA CASSA GIORNALIERA DEL 15/04/2025,1092.76,0.0,0.0,0.0,0.0,False,,IMPORT,0.0
7f84893e-fd97-4c6a-bb42-3bbc3f1f4c55,16/04/2025,,CHIUSURA CASSA GIORNALIERA DEL 16/04/2025,1847.65,0.0,0.0,6.0,0.0,False,,IMPORT,0.0
085594a6-9bfc-41b1-83de-093a4d479ad8,16/04/2025,PAGAMENTO,PAGATO SCONTRINO TATO PARIDE SPA 16/04/2025,0.0,0.0,0.0,0.0,12.2,False,,IMPORT,0.0
cb69fe63-4912-4589-96e3-ffb00f0be52e,17/04/2025,PAGAMENTO,PAGATO FT 018727 LEROY MERLIN 17/04/2025,0.0,0.0,0.0,0.0,19.78,False,,IMPORT,0.0
9bc52c7d-a445-4d22-a95c-8a452ad02d30,17/04/2025,,CHIUSURA CASSA GIORNALIERA DEL 17/04/2025,41.0,0.0,0.0,24.0,0.0,False,,IMPORT,0.0
c97197b4-a6ff-42ee-9a4c-c8a8f12dc5e3,18/04/2025,,CHIUSURA CASSA GIORNALIERA DEL 18/04/2025,2350.0,0.0,0.0,6.0,0.0,False,,IMPORT,0.0
14b5f372-7568-4c9a-b619-661e717b4c4e,19/04/2025,,CHIUSURA CASSA GIORNALIERA DEL 19/04/2025,6.0,0.0,0.0,0.0,0.0,False,,IMPORT,0.0
df0ed403-b084-4fff-8502-59fddceb7fcf,20/04/2025,,CHIUSURA CASSA GIORNALIERA DEL 20/04/2025,784.8,0.0,0.0,12.0,0.0,False,,IMPORT,0.0
80a63ade-103d-4d9b-a252-af0e12a3f13c,21/04/2025,,CHIUSURA CASSA GIORNALIERA DEL 21/04/2025,590.16,0.0,0.0,470.0,0.0,False,,IMPORT,0.0
4ec49513-272a-4dcf-b8ce-c3c83e6228f9,22/04/2025,PAGAMENTO,PAGATO FT 3510 ENIMOOV SPA 22/04/2025,0.0,0.0,0.0,0.0,30.0,False,,IMPORT,0.0
c1df24cd-56f7-4d74-ab72-125470780b61,22/04/2025,PAGAMENTO,PAGATO FT 019271 LEROY MERLIN 22/04/2025,0.0,0.0,0.0,0.0,77.11,False,,IMPORT,0.0
84bff56f-cdfd-4cde-8fcd-6611d6ad7440,22/04/2025,,CHIUSURA CASSA GIORNALIERA DEL 22/04/2025,546.0,0.0,0.0,0.0,0.0,False,,IMPORT,0.0
9aff8798-1bdd-4f5b-9ad1-140dd6ca9255,23/04/2025,,RIMESSA DIRETTA ANTICIPAZIONE PROF. MAZZITELLI,0.0,0.0,0.0,4000.0,0.0,False,,IMPORT,0.0
decb1cb7-82ff-4618-bbf5-b74b9911a42c,23/04/2025,PAGAMENTO,VERSAMENTO IN BANCA,0.0,0.0,0.0,0.0,4500.0,False,,IMPORT,0.0
325236d0-36bd-489d-9a4f-8516d0ae13da,23/04/2025,,CHIUSURA CASSA GIORNALIERA DEL 23/04/2025,0.0,0.0,0.0,6.0,0.0,False,,IMPORT,0.0
8cf0a5e8-102f-49a6-8832-290dfa11dd66,24/04/2025,,CHIUSURA CASSA GIORNALIERA DEL 24/04/2025,176.08,0.0,0.0,6.0,0.0,False,,IMPORT,0.0
76315e96-ea1a-4e08-b327-919a4e722678,25/04/2025,,CHIUSURA CASSA GIORNALIERA DEL 25/04/2025,465.42,0.0,0.0,27.0,0.0,False,,IMPORT,0.0
4beff37d-aed2-40fc-a34b-6482afd02e70,26/04/2025,,CHIUSURA CASSA GIORNALIERA DEL 26/04/2025,621.0,0.0,0.0,30.0,0.0,False,,IMPORT,0.0
15703343-3102-4923-8833-e4e4be8bcb90,27/04/2025,,CHIUSURA CASSA GIORNALIERA DEL 27/04/2025,1673.73,0.0,0.0,12.0,0.0,False,,IMPORT,0.0
9ec97306-827f-4eb0-a531-27bd175f3b4e,28/04/2025,PAGAMENTO,PAGATO FT 020125 LEROY MERLIN 28/04/2025,0.0,0.0,0.0,0.0,52.18,False,,IMPORT,0.0
0a3ad81a-bda4-4c43-93d4-8d3ed0e1e561,28/04/2025,PAGAMENTO,PAGATO SCONTRINO TATO PARIDE SPA 28/04/2025,0.0,0.0,0.0,0.0,15.48,False,,IMPORT,0.0
79bb4816-7cd7-4356-85de-5d1cb8244e2a,28/04/2025,,CHIUSURA CASSA GIORNALIERA DEL 28/04/2025,1958.88,0.0,0.0,0.0,0.0,False,,IMPORT,0.0
8dbe3cbd-794d-4f09-92b4-aeb2a4fcf1b8,29/04/2025,,CHIUSURA CASSA GIORNALIERA DEL 29/04/2025,454.81,0.0,0.0,180.0,0.0,False,,IMPORT,0.0
905944ea-d56a-4663-8e1f-7d99d1ba8ef6,30/04/2025,,CHIUSURA CASSA GIORNALIERA DEL 30/04/2025,1789.65,0.0,0.0,6.0,0.0,False,,IMPORT,0.0
e657ac76-8d48-4985-8a01-636b47e79b72,30/04/2025,PAGAMENTO,PAGATO FT 0179212 IKEA 30/04/2025,0.0,0.0,0.0,0.0,224.4,False,,IMPORT,0.0
634220a9-841a-4c2f-96c7-b97a0607b681,01/05/2025,,CHIUSURA CASSA GIORNALIERA DEL 01/05/2025,500.6,0.0,0.0,0.0,0.0,False,,IMPORT,0.0
2f47c00e-fbb9-46f9-bf8a-4b14168e9776,02/05/2025,,CHIUSURA CASSA GIORNALIERA DEL 02/05/2025,1235.91,0.0,0.0,24.0,0.0,False,,IMPORT,0.0
5134ec9b-60bf-4afa-aefa-48690896b6e4,03/05/2025,,CHIUSURA CASSA GIORNALIERA DEL 03/05/2025,1120.08,0.0,0.0,1114.0,0.0,False,,IMPORT,0.0
3bb4ff85-d216-44ab-944a-a71071b22782,03/05/2025,PAGAMENTO,PAGATO ORDINE TEMU DEL 27/04/2025,0.0,0.0,0.0,0.0,120.0,False,,IMPORT,0.0
cd8506aa-b596-42ac-9e26-f9679f3266b5,04/05/2025,,CHIUSURA CASSA GIORNALIERA DEL 04/05/2025,2329.12,0.0,0.0,1566.5,0.0,False,,IMPORT,0.0
b4b177b6-82ae-48ff-a29d-1588a0855453,04/05/2025,PAGAMENTO,FONDO SPESE DANTE MAZZITELLI  DEL 04/05/2025,0.0,0.0,0.0,0.0,31.0,False,,IMPORT,0.0
6d116b46-5185-4441-8227-6b57368f7e93,04/05/2025,PAGAMENTO,PAGATO SCONTRINO TATO PARIDE SPA 04/05/2025,0.0,0.0,0.0,0.0,25.0,False,,IMPORT,0.0
9558df56-d26b-4232-843b-5d6b2cc7b33c,05/05/2025,PAGAMENTO,VERAMENTO CONTANTI IN BANCA 05/05/2025,0.0,0.0,0.0,0.0,2500.0,False,,IMPORT,0.0
42ea6663-4cc7-456e-816a-250da4f24ac4,05/05/2025,,CHIUSURA CASSA GIORNALIERA DEL 05/05/2025,195.0,0.0,0.0,33.0,0.0,False,,IMPORT,0.0
ed049279-606a-4ed6-8c54-04f0a9ab9ed4,05/05/2025,PAGAMENTO,PAGATO SCONTRINO IL NUOVO SAPERE SRLS 05/05/2025,0.0,0.0,0.0,0.0,7.0,False,,IMPORT,0.0
b41cb362-d53c-4e1d-866d-3e14342567b5,06/05/2025,,CHIUSURA CASSA GIORNALIERA DEL 06/05/2025,5032.69,0.0,0.0,22.0,0.0,False,,IMPORT,0.0
d2cad9bc-ece6-46b8-8355-39ebf0ae339b,06/05/2025,PAGAMENTO,FONDO SPESE DANTE MAZZITELLI  DEL 06/05/2025 (PLONGE),0.0,0.0,0.0,0.0,60.0,False,,IMPORT,0.0
f9714aad-b29c-450a-827d-bfb1f1dac99f,06/05/2025,PAGAMENTO,FONDO SPESE DANTE MAZZITELLI  DEL 06/05/2025,0.0,0.0,0.0,0.0,27.0,False,,IMPORT,0.0
e306df19-e558-4707-9cd6-433d5d3d45fb,06/05/2025,PAGAMENTO,PAGATO SCONTRINO DAMAY TRADE SRL 06/05/2025,0.0,0.0,0.0,0.0,10.45,False,,IMPORT,0.0
ad5a9e33-cda8-491c-8161-757368fe4b04,06/05/2025,PAGAMENTO,PAGATO SCONTRINO LEROY MERLIN 06/05/2025,0.0,0.0,0.0,0.0,11.9,False,,IMPORT,0.0
4ae8ab10-09e1-4105-bb4f-d2c198482be6,07/05/2025,,CHIUSURA CASSA GIORNALIERA DEL  07/05/2025,343.8,0.0,0.0,149.0,0.0,False,,IMPORT,0.0
7c11c21d-5ec9-4450-86a3-ab50ae18cc2a,07/05/2025,PAGAMENTO,PAGATO FT 732 FABII LUIGI S.A.S 07/05/2025 ,0.0,0.0,0.0,0.0,104.0,False,,IMPORT,0.0
1daf0ae6-b623-453a-98b9-153059e741eb,07/05/2025,PAGAMENTO,PAGATO FT 102 CASA MANIA SNC 07/05/2025,0.0,0.0,0.0,0.0,19.0,False,,IMPORT,0.0
2b57ec94-7cd8-481b-a08e-71aaba83d55d,07/05/2025,PAGAMENTO,PAGATO FT 3926 ENIMOOV SPA 07/05/2025,0.0,0.0,0.0,0.0,30.0,False,,IMPORT,0.0
2df1a296-896b-4ed6-9f66-630fdbef32fd,08/05/2025,,CHIUSURA CASSA GIORNALIERA DEL 08/05/2025,1355.22,0.0,0.0,12.0,0.0,False,,IMPORT,0.0
3e5a1630-8282-4da3-a689-2ed80e8699d2,09/05/2025,PAGAMENTO,PAGATO FT 01 APULIAN SHOP 09/05/2025,0.0,0.0,0.0,0.0,6.0,False,,IMPORT,0.0
9641ed3b-78df-43a9-88aa-4c9f0e13e51c,09/05/2025,,CHIUSURA CASSA GIORNALIERA DEL 09/05/2025,1325.44,0.0,0.0,23.0,0.0,False,,IMPORT,0.0
a335ffc2-f122-4479-8119-95c2bc46f5ae,09/05/2025,PAGAMENTO,PAGATO SCONTRINO L'EDEN DE BARI GIULIANA 09/05/2025,0.0,0.0,0.0,0.0,27.0,False,,IMPORT,0.0
1f3991ae-79ad-4c31-b7f5-2367714792bd,10/05/2025,PAGAMENTO,PAGATO SCONTRINO LA DISPENSA SRLS 10/05/2025,0.0,0.0,0.0,0.0,4.77,False,,IMPORT,0.0
f91341f1-a5b0-4674-9f60-195767b53473,10/05/2025,PAGAMENTO,FONDO SPESE DANTE MAZZITELLI  DEL 10/05/2025,0.0,0.0,0.0,0.0,16.0,False,,IMPORT,0.0
9bf8069c-e01e-47d6-bc63-76c55a5a5cc1,10/05/2025,,CHIUSURA CASSA GIORNALIERA DEL 10/05/2025,2905.01,0.0,0.0,24.0,0.0,False,,IMPORT,0.0
a322eed2-d509-4973-bc98-edf8dac1bd85,11/05/2025,,CHIUSURA CASSA GIORNALIERA DEL 11/05/2025,2641.96,0.0,0.0,24.0,0.0,False,,IMPORT,0.0
f4521aef-4200-4bb9-ba34-0e859415d411,12/05/2025,,CHIUSURA CASSA GIORNALIERA DEL 12/05/2025,719.84,0.0,0.0,6.0,0.0,False,,IMPORT,0.0
e2d3e0db-f5f7-4c5c-9338-20ab8951ca44,13/05/2025,PAGAMENTO,PAGATO FT 0193020 IKEA DEL 13/05/2025,0.0,0.0,0.0,0.0,160.0,False,,IMPORT,0.0
910b41a9-9cc4-4774-a83a-657e89bbeda0,13/05/2025,,CHIUSURA CASSA GIORNALIERA DEL 13/05/2025,540.53,0.0,0.0,248.5,0.0,False,,IMPORT,0.0
7db6de63-ea2b-480d-8775-307642a61509,14/05/2025,,CHIUSURA CASSA GIORNALIERA DEL 14/05/2025,1228.13,0.0,0.0,159.5,0.0,False,,IMPORT,0.0
182bcdfa-5127-4a06-976b-230167e9e8b7,14/05/2025,PAGAMENTO,PAGATO FT 022686 LEROY MERLIN 14/05/2025,0.0,0.0,0.0,0.0,21.93,False,,IMPORT,0.0
4463c45e-4a12-4556-b3c0-45d5af45bab0,14/05/2025,PAGAMENTO,PAGATO FT 67 SOCIETA C.V.R SRL 14/05/2025,0.0,0.0,0.0,0.0,15.0,False,,IMPORT,0.0
aeadd572-35ce-406a-877f-6f690c9a0a6e,14/05/2025,PAGAMENTO,PAGATO SCONTRINO CENTRO UFFICIO 14/05/2025,0.0,0.0,0.0,0.0,10.5,False,,IMPORT,0.0
4bb18aea-e9c0-45d4-805d-2a6433108590,15/05/2025,PAGAMENTO,PAGATO FT 319 DECA DI PALUMBO 15/05/2025,0.0,0.0,0.0,0.0,144.57,False,,IMPORT,0.0
a40edc9a-fa89-4a58-bb47-97f1936fccec,15/05/2025,,CHIUSURA CASSA GIORNALIERA DEL  15/05/2025,797.23,0.0,0.0,405.0,0.0,False,,IMPORT,0.0
e60c8cf1-59e7-4775-a0a4-55bbd40fd35f,16/05/2025,PAGAMENTO,PAGATO FT 02 APULIAN SHOP 16/05/2025,0.0,0.0,0.0,0.0,12.0,False,,IMPORT,0.0
1a65eb29-266f-4778-add4-bc9f06f7bbe5,16/05/2025,PAGAMENTO,PAGATO SCONTRINO LEROY MERLIN 16/05/2025,0.0,0.0,0.0,0.0,6.65,False,,IMPORT,0.0
97a00926-b803-4b51-8089-762918064138,16/05/2025,,CHIUSURA CASSA GIORNALIERA DEL  16/05/2025,3507.09,0.0,0.0,48.0,0.0,False,,IMPORT,0.0
b7e3e703-ba0c-4783-9bdb-e2cc49c7237a,17/05/2025,,CHIUSURA CASSA GIORNALIERA DEL  17/05/2025,58.0,0.0,0.0,0.0,0.0,False,,IMPORT,0.0
5a9daf49-a2b6-4a88-85ca-15c59f9375bf,18/05/2025,,CHIUSURA CASSA GIORNALIERA DEL 18/05/2025,6218.43,0.0,0.0,2098.0,0.0,False,,IMPORT,0.0
c981dc69-44fb-4e90-8ee3-d6518ce27fd6,18/05/2025,PAGAMENTO,FONDO SPESE DANTE MAZZITELLI  DEL 16/05 E 18/05,0.0,0.0,0.0,0.0,420.0,False,,IMPORT,0.0
fee7cf95-199b-4eb6-a966-0bf91225690f,19/05/2025,PAGAMENTO,VERSAMENTO CONTANTI IN BANCA 19/05/2025,0.0,0.0,0.0,0.0,800.0,False,,IMPORT,0.0
cc11b73a-1df1-451f-8dad-8ef3c554411a,19/05/2025,,CHIUSURA CASSA GIORNALIERA DEL 19/05/2025,1027.09,0.0,0.0,12.0,0.0,False,,IMPORT,0.0
c95ece85-31c4-4416-8094-b6f54a2f8447,20/05/2025,PAGAMENTO,PAGAMENTO FATT BOUTIQUE FRUTTI DI MARE NR 5947/01 DEL 18/05/2025,0.0,0.0,0.0,0.0,290.69,False,,IMPORT,0.0
91d144c9-2c0f-42d1-9f35-53f187bc52bd,20/05/2025,PAGAMENTO,PAGATO FATT  MEDIAWORLD NR 042/03195 DEL 20/05/2025,0.0,0.0,0.0,0.0,89.0,False,,IMPORT,0.0
963f83a3-0d5e-45ca-9e3d-c7bf75cd561d,20/05/2025,,CHIUSURA CASSA GIORNALIERA DEL 20/05/2025,1458.56,0.0,0.0,3.0,0.0,False,,IMPORT,0.0
835adfa9-7d8a-435c-bf17-540294af53c4,21/05/2025,,CHIUSURA CASSA GIORNALIERA DEL 21/05/2025,4128.4,0.0,0.0,0.0,0.0,False,,IMPORT,0.0
ae54954e-490e-456c-aee6-6c6a9a67d2b6,22/05/2025,,CHIUSURA CASSA GIORNALIERA DEL 22/05/2025,962.67,0.0,0.0,33.0,0.0,False,,IMPORT,0.0
e6f92c1d-02b2-49f2-8226-e24eb07c2734,23/05/2025,,CHIUSURA CASSA GIORNALIERA DEL 23/05/2025,3400.55,0.0,0.0,9.0,0.0,False,,IMPORT,0.0
0ba0eb95-7c04-4306-b569-8c2a2a456065,23/05/2025,PAGAMENTO,PAGATO FT 03 APULIAN SHOP 23/05/2025,0.0,0.0,0.0,0.0,110.0,False,,IMPORT,0.0
4cacebed-8b4c-4c34-8349-6a92f448372b,24/05/2025,,CHIUSURA CASSA GIORNALIERA DEL 24/05/2025,32.0,0.0,0.0,0.0,0.0,False,,IMPORT,0.0
fd6cf808-84b7-4bb0-a3f3-2bc1fb199a1b,24/05/2025,PAGAMENTO,PAGTO SCONTRINO TATO PARIDE SPA 24/05/2025,0.0,0.0,0.0,0.0,9.81,False,,IMPORT,0.0
58bbf1cb-b7a5-469a-a546-947ac106fcee,25/05/2025,,CHIUSURA CASSA GIORNALIERA DEL 25/05/2025,837.93,0.0,0.0,0.0,0.0,False,,IMPORT,0.0
b326dfaa-dadb-4433-9bb2-ed26be4abcb1,26/05/2025,PAGAMENTO,PAGTO SCONTRINO TATO PARIDE SPA 26/05/2025,0.0,0.0,0.0,0.0,18.22,False,,IMPORT,0.0
0f3ce3c8-4817-4ca9-a2c3-8917c2f04b0d,26/05/2025,,CHIUSURA CASSA GIORNALIERA DEL 26/05/2025,648.9,0.0,0.0,474.0,0.0,False,,IMPORT,0.0
1f50b9db-ce11-4986-9205-0821c09b0e0c,27/05/2025,PAGAMENTO,PAGATO FT 024981 LEROY MERLIN 27/05/2025,0.0,0.0,0.0,0.0,44.66,False,,IMPORT,0.0
83aade85-66bf-419e-93ec-38f3c87dba94,27/05/2025,,CHIUSURA CASSA GIORNALIERA DEL 27/05/2025,2069.42,0.0,0.0,73.0,0.0,False,,IMPORT,0.0
782cf5ed-3bfd-474e-bdd7-7054d1d8d636,28/05/2025,,CHIUSURA CASSA GIORNALIERA DEL 28/05/2025,1993.93,0.0,0.0,12.0,0.0,False,,IMPORT,0.0
f12f0cdf-0336-44bc-804d-580cb7af076a,29/05/2025,,CHIUSURA CASSA GIORNALIERA DEL 29/05/2025,1697.98,0.0,0.0,144.0,0.0,False,,IMPORT,0.0
d2014c89-b65f-46c5-9ed7-116bd20f96eb,29/05/2025,PAGAMENTO,PAGATO SCONTRINO LEROY MERLIN 29/05/2025,0.0,0.0,0.0,0.0,7.25,False,,IMPORT,0.0
207dea53-1441-4d38-a073-850f0e8ad34d,29/05/2025,PAGAMENTO,PAGATO FT 4369 ENIMOOV SPA 29/05/2025,0.0,0.0,0.0,0.0,30.0,False,,IMPORT,0.0
a5b892f2-7198-49b0-80a4-3a985908a383,30/05/2025,,CHIUSURA CASSA GIORNALIERA DEL 30/05/2025,2196.72,0.0,0.0,16.0,0.0,False,,IMPORT,0.0
e12e0b51-61b4-4429-bee7-b669c158b7c5,31/05/2025,,CHIUSURA CASSA GIORNALIERA DEL 31/05/2025,1162.81,0.0,0.0,12.0,0.0,False,,IMPORT,0.0
155de97c-6f66-4663-b2bf-71c723f8af22,01/06/2025,,CHIUSURA CASSA GIORNALIERA DEL 01/06/2025,777.83,0.0,0.0,9.0,0.0,False,,IMPORT,0.0
d8b30d15-b61f-4e8a-8992-95dfa8791187,02/06/2025,,CHIUSURA CASSA GIORNALIERA DEL 02/06/2025,1766.26,0.0,0.0,223.0,0.0,False,,IMPORT,0.0
69c459a6-fded-4d9f-b055-197a4e9d8a20,03/06/2025,,CHIUSURA CASSA GIORNALIERA DEL 03/06/2025,728.6,0.0,0.0,0.0,0.0,False,,IMPORT,0.0
af5092f9-3ac9-4944-b5e0-00bf63c950aa,04/06/2025,,CHIUSURA CASSA GIORNALIERA DEL 04/06/2025,3038.99,0.0,0.0,0.0,0.0,False,,IMPORT,0.0
1454a0ea-0de8-4011-8034-a06efec440f1,04/06/2025,PAGAMENTO,PAGATO FT 026236 LEROY MERLIN 04/06/2025,0.0,0.0,0.0,0.0,19.98,False,,IMPORT,0.0
788e5655-8595-4acc-a720-f6a4152aa9c6,04/06/2025,PAGAMENTO,PAGATO SCONTRINO CENTRO UFFICIO 04/06/2025,0.0,0.0,0.0,0.0,17.8,False,,IMPORT,0.0
cf3ec58a-cd9b-4d7c-b400-9de317ea19c0,05/06/2025,,CHIUSURA CASSA GIORNALIERA DEL 05/06/2025,1693.42,0.0,0.0,94.0,0.0,False,,IMPORT,0.0
75a6aaf2-22a1-495d-ad6f-e83f6d015319,05/06/2025,PAGAMENTO,PAGATO FT 2764 ZETACAST SRL 05/06/2025,0.0,0.0,0.0,0.0,54.86,False,,IMPORT,0.0
b66c2a99-9e8b-434c-b739-9e6ac2d5736e,06/06/2025,PAGAMENTO,PAGATO FT 235F50B50269 SAN CARLO 06/06/2025,0.0,0.0,0.0,0.0,217.8,False,,IMPORT,0.0
5c9fd26d-6ee0-46f2-a8ee-82619e251cb5,06/06/2025,PAGAMENTO,PAGATO FT 026679 LEROY MELIN 06/06/2025,0.0,0.0,0.0,0.0,22.23,False,,IMPORT,0.0
2d655e68-8efc-4ed9-8a32-ab990369de5a,06/06/2025,,CHIUSURA CASSA GIORNALIERA DEL 06/06/2025,3222.24,0.0,0.0,51.0,0.0,False,,IMPORT,0.0
c787e05b-b6b7-4206-886f-a182dceac704,06/06/2025,PAGAMENTO,PAGATO FT 4780/W UN MONDO DI OFFERTE SRLS 06/06/2025,0.0,0.0,0.0,0.0,82.3,False,,IMPORT,0.0
db25c165-62d8-4243-abad-fc4f5a658d0e,07/06/2025,,CHIUSURA CASSA GIORNALIERA DEL 07/06/2025,2042.26,0.0,0.0,65.0,0.0,False,,IMPORT,0.0
8a305308-8e6e-457d-a043-eafc20a11075,07/06/2025,PAGAMENTO,FONDO SPESE DANTE MAZZITELLI  DEL 07/06/2025,0.0,0.0,0.0,0.0,60.0,False,,IMPORT,0.0
51e229f0-67bf-44d2-846f-c2872b189a5a,07/06/2025,PAGAMENTO,PAGATO SCONTRINO COOP 07/06/2025,0.0,0.0,0.0,0.0,16.09,False,,IMPORT,0.0
4bdb7aa3-1955-4827-bd22-a47f18b5225e,07/06/2025,PAGAMENTO,PAGATO SCONTRINO SUPERSTORE FAMILA 07/06/2025,0.0,0.0,0.0,0.0,28.04,False,,IMPORT,0.0
4f2e9fe4-73fd-4326-ab45-858baa84b9e5,08/06/2025,,CHIUSURA CASSA GIORNALIERA DEL 08/06/2025,1669.62,0.0,0.0,127.5,0.0,False,,IMPORT,0.0
b53ef879-429a-464d-8831-c06414100e01,09/06/2025,,CHIUSURA CASSA GIORNALIERA DEL 09/06/2025,789.64,0.0,0.0,0.0,0.0,False,,IMPORT,0.0
259332c7-7dcd-4109-a68c-c1a31841711a,10/06/2025,,CHIUSURA CASSA GIORNALIERA DEL 10/06/2025,1269.8,0.0,0.0,12.0,0.0,False,,IMPORT,0.0
5220088a-f9ba-456b-b955-ba54dfc3ab4a,11/06/2025,,CHIUSURA CASSA GIORNALIERA DEL 11/06/2025,2431.11,0.0,0.0,52.4,0.0,False,,IMPORT,0.0
dc302b7e-46e5-442c-a094-e7a404e6398f,12/06/2025,,CHIUSURA CASSA GIORNALIERA DEL 12/06/2025,967.03,0.0,0.0,18.0,0.0,False,,IMPORT,0.0
fd5c29d8-c458-4690-a3ec-b18662f610de,12/06/2025,PAGAMENTO,PAGATO SCONTRINO CENTRO UFFICIO 12/06/2025,0.0,0.0,0.0,0.0,14.5,False,,IMPORT,0.0
eee849f7-9d53-4fd6-8b76-77c2d367de6a,13/06/2025,PAGAMENTO,PAGATO FT 042 03777 MEDIAMARKET SPA 13/06/2025,0.0,0.0,0.0,0.0,124.98,False,,IMPORT,0.0
510c4b42-a9e1-4eff-9f45-c9e2388f7c9c,13/06/2025,,CHIUSURA CASSA GIORNALIERA DEL 13/06/2025,1979.13,0.0,0.0,188.24,0.0,False,,IMPORT,0.0
73dc49cf-160a-45e9-b5ec-a5f02a97d7ac,04/05/2025,PAGAMENTO,PAGATO CONSEGNA PASTICCERIA ACQUAFREDDA DEL 04/05/2025 OK FATTURA N° 19 IL 03/06/2025,0.0,0.0,0.0,0.0,80.0,False,,MICHELE,-80.0
dc32f38d-f7b5-49e2-9b05-90f955996aaa,10/05/2025,PAGAMENTO,PAGATO CONSEGNA PASTICCERIA ACQUAFREDDA DEL 10/05/2025 OK FATTURA N° 19 IL 03/06/2025,0.0,0.0,0.0,0.0,130.0,False,,MICHELE,-340.0
cff83d4d-a7bc-4fc7-b710-37f5c0f2b721,16/05/2025,PAGAMENTO,PAGATO MI GREEN FOOD 16/05/202 ,0.0,0.0,0.0,0.0,36.0,True,,MICHELE,-376.0
441a1aa3-85d5-4795-a66b-fea4574bcd73,18/05/2025,PAGAMENTO,FONDO SPESE DANTE MAZZITELLI ,0.0,0.0,0.0,0.0,550.0,False,,MICHELE,-926.0
f41908b6-e5cd-4882-9623-a53582294d8a,18/05/2025,PAGAMENTO,PAGATO CONSEGNA PASTICCERIA ACQUAFREDDA DEL 18/05/2025 OK FATTURA N° 19 IL 03/06/2025,0.0,0.0,0.0,0.0,150.0,False,,MICHELE,-1076.0
9e263d0f-8a27-46bd-83a0-6d0a0cdf0d13,24/05/2025,PAGAMENTO,"PAGAMENTO FIORISTA ""NINI' CREAZIONI DI SAVERIO TRITTO"" ",0.0,0.0,0.0,0.0,200.0,True,,MICHELE,-1276.0
fafd4303-3589-451d-8708-2dfe678d3152,05/06/2025,PAGAMENTO,PAGATO ACCONTO DI TOMA GIUSEPPE ,0.0,0.0,0.0,0.0,300.0,True,,MICHELE,-1576.0
a7b79220-a848-4d44-ab0f-d48b2e7c4de2,06/06/2025,PAGAMENTO,PAGATO TATO PARIDE SPA ,0.0,0.0,0.0,0.0,30.42,False,,MICHELE,-1606.42
a42fa638-27bf-4449-8fcb-e7765fed777f,10/06/2025,PAGAMENTO,PAGATO DAMAY TRADE SRL 10/06/2025 IN ATTESA FATTURA,0.0,0.0,0.0,0.0,23.7,True,,MICHELE,1293.6599999999996
93f16d97-56ef-4fdd-93da-cc29c924043f,15/06/2025,PAGAMENTO,michele,0.0,0.0,0.0,0.0,99.0,True,,MICHELE,1194.6599999999996
